<?xml version="1.0" encoding="UTF-8"?>
<project-private xmlns="http://www.netbeans.org/ns/project-private/1">
    <editor-bookmarks xmlns="http://www.netbeans.org/ns/editor-bookmarks/2" lastBookmarkId="0"/>
    <open-files xmlns="http://www.netbeans.org/ns/projectui-open-files/2">
        <group>
            <file>file:/C:/Users/PROGRAMMER/Desktop/java/Enviro-Bank/src/com/eviro/assessment/grad001/khensanisemenya/SavingsAccount.java</file>
            <file>file:/C:/Users/PROGRAMMER/Desktop/java/Enviro-Bank/src/com/eviro/assessment/grad001/khensanisemenya/CurrentAccount.java</file>
            <file>file:/C:/Users/PROGRAMMER/Desktop/java/Enviro-Bank/src/com/eviro/assessment/grad001/khensanisemenya/Main.java</file>
            <file>file:/C:/Users/PROGRAMMER/Desktop/java/Enviro-Bank/src/com/eviro/assessment/grad001/khensanisemenya/WithdrawalAmountTooLargeException.java</file>
            <file>file:/C:/Users/PROGRAMMER/Desktop/java/Enviro-Bank/src/com/eviro/assessment/grad001/khensanisemenya/SystemDB.java</file>
        </group>
    </open-files>
</project-private>
